<?xml version="1.0" encoding="UTF-8"?>
<!DOCTYPE module PUBLIC "-//Google Inc.//DTD Google Web Toolkit 1.7.1//EN" "http://google-web-toolkit.googlecode.com/svn/tags/1.7.1/distro-source/core/src/gwt-module.dtd">
<module rename-to='vrpgui'>

  <inherits name='com.google.gwt.user.User'/>
  <inherits name='com.google.gwt.user.theme.standard.Standard'/>
  
  <inherits name='com.google.gwt.ajaxloader.AjaxLoader'/>
  <inherits name="com.google.gwt.maps.GoogleMaps" />
  <inherits name='com.google.gwt.widgetideas.GWTCanvas'/>
  <inherits name='vrp.model'/>

 <!--
    If you want to deploy this application outside of localhost,
    you must obtain a Google Maps API key at:
    http://www.google.com/apis/maps/signup.html
    Replace the src attribute below with a URL that contains your key.
  -->
 <!-- script src="http://maps.google.com/maps?gwt=1&amp;file=api&amp;v=2&amp;key=???" /-->

 <!-- You can usually run under localhost without a key                           -->
 <!-- Set the 'sensor' parameter to true if your app makes use of an onboard
      positioning sensor, such as a GPS reciever.
   -->
 <!-- script src="http://maps.google.com/maps?gwt=1&amp;file=api&amp;v=2&amp;sensor=false"  -->
 <script src="http://maps.google.com/maps?file=api&amp;v=2&amp;sensor=false&amp;key=ABQIAAAA3uQ95tNhqyPLLQWKLxkdRhR9LQsOx2GH7yxqfLhqR4aUWKJdwhTZD4h0GV6AB0wvEF1wNgoUDn-ITw"/>
  <!-- Specify the app entry point class.                         -->
  <entry-point class='vrp.client.VRPGui'/>
</module>
